<?xml version="1.0" encoding="UTF-8"?><CodeSystem xmlns="http://hl7.org/fhir"><id value="no-kodeverk-1101.codesystem"/><text><status value="generated"/><div xmlns="http://www.w3.org/1999/xhtml"><p>This code system <code>http://ehelse.no/fhir/CodeSystem/no-kodeverk-1101</code> defines the following codes:</p><table class="codes"><tr><td style="white-space:nowrap"><b>Code</b></td><td><b>Display</b></td></tr><tr><td style="white-space:nowrap">1<a name="no-kodeverk-1101.codesystem-1"> </a></td><td>Ja</td></tr><tr><td style="white-space:nowrap">2<a name="no-kodeverk-1101.codesystem-2"> </a></td><td>Nei</td></tr></table></div></text><url value="http://ehelse.no/fhir/CodeSystem/no-kodeverk-1101"/><identifier><system value="urn:ietf:rfc:3986"/><value value="urn:oid:2.16.578.1.12.4.1.1.1101"/></identifier><version value="0.1.0"/><name value="NoKodeverk1101"/><title value="1101 Ja, nei"/><status value="active"/><date value="2020-12-04"/><publisher value="My Organization"/><contact><name value="My Organization"/><telecom><system value="url"/><value value="http://example.org/"/></telecom></contact><description value="Dette kodeverket inneholder koder for å angi svar Ja eller Nei."/><content value="complete"/><count value="2"/><concept><code value="1"/><display value="Ja"/></concept><concept><code value="2"/><display value="Nei"/></concept></CodeSystem>