<?xml version="1.0" encoding="UTF-8"?><NamingSystem xmlns="http://hl7.org/fhir"><id value="no-basis-her-id"/><text><status value="generated"/><div xmlns="http://www.w3.org/1999/xhtml"><h3>Summary</h3><table class="grid"><tr><td>Defining URL</td><td>http://example.org/ig/workshop/NamingSystem/no-basis-her-id</td></tr><tr><td>Version</td><td>0.1.0</td></tr><tr><td>Name</td><td>HERId</td></tr><tr><td>Status</td><td>active</td></tr><tr><td>Definition</td><td><div><p>Identifikator for kommunikasjonsparter i Helsenettet..</p>
</div></td></tr><tr><td>Publisher</td><td>My Organization</td></tr></table><h3>Identifiers</h3><table class="grid"><tr><td><b>Type</b></td><td><b>Value</b></td><td><b>Preferred</b></td></tr><tr><td>URI</td><td>http://hl7.no/fhir/NamingSystem/HERid</td><td>false</td></tr><tr><td>OID</td><td>2.16.578.1.12.4.1.2</td><td>true</td></tr></table></div></text><name value="HERId"/><status value="active"/><kind value="identifier"/><date value="2022-02-10"/><publisher value="My Organization"/><contact><name value="My Organization"/><telecom><system value="url"/><value value="http://example.org/"/></telecom></contact><responsible value="Norsk helsenett"/><description value="Identifikator for kommunikasjonsparter i Helsenettet.."/><jurisdiction><coding><system value="urn:iso:std:iso:3166"/><code value="NO"/><display value="Norway"/></coding></jurisdiction><uniqueId><type value="uri"/><value value="http://hl7.no/fhir/NamingSystem/HERid"/><preferred value="false"/></uniqueId><uniqueId><type value="oid"/><value value="2.16.578.1.12.4.1.2"/><preferred value="true"/></uniqueId></NamingSystem>