<?xml version="1.0" encoding="UTF-8"?><ValueSet xmlns="http://hl7.org/fhir"><id value="smarting-pain"/><text><status value="generated"/><div xmlns="http://www.w3.org/1999/xhtml"><ul><li>Include codes from <a href="http://www.snomed.org/"><code>http://snomed.info/sct</code></a> where concept  is-a  103013007 (Smarting pain)</li></ul></div></text><url value="http://example.org/ig/workshop/ValueSet/smarting-pain"/><version value="0.1.0"/><name value="SmartingPain"/><title value="Smarting pain"/><status value="active"/><date value="2022-12-29T10:55:04+01:00"/><publisher value="My Organization"/><contact><name value="My Organization"/><telecom><system value="url"/><value value="http://example.org/"/></telecom></contact><description value="Codes describing various Smarting pain, taken from SNOMED CT"/><compose><include><system value="http://snomed.info/sct"/><filter><property value="concept"/><op value="is-a"/><value value="103013007"/></filter></include></compose></ValueSet>