<?xml version="1.0" encoding="UTF-8"?>

<CodeSystem xmlns="http://hl7.org/fhir">
  <id value="no-kodeverk-7010-norpat.codesystem"/>
  <text>
    <status value="generated"/><div xmlns="http://www.w3.org/1999/xhtml"><p>This code system <code>http://ehelse.no/fhir/CodeSystem/no-kodeverk-7010-norpat</code> defines many codes, but they are not represented here</p></div>
  </text>
  <url value="http://ehelse.no/fhir/CodeSystem/no-kodeverk-7010-norpat"/>
  <identifier>
    <system value="urn:ietf:rfc:3986"/>
    <value value="urn:oid:2.16.578.1.12.4.1.1.7010"/>
  </identifier>
  <version value="0.1.0"/>
  <name value="NoKodeverk7010NORPAT"/>
  <title value="Norsk patologikodeverk (NORPAT)"/>
  <status value="active"/>
  <date value="2022-12-29T10:55:04+01:00"/>
  <publisher value="My Organization"/>
  <contact>
    <name value="My Organization"/>
    <telecom>
      <system value="url"/>
      <value value="http://example.org/"/>
    </telecom>
  </contact>
  <description value="Norsk patologikodeverk er et kodeverk som benyttes ved norske patologiavdelinger. Kodeverket ble utarbeidet av Den norske patologforenings kode- og nomenklaturutvalg i samarbeid med KITH på grunnlag av The Systematized Nomenclature of Medicine (SNOMED, 1984). Endret navn fra Den norske SNOMED til Norsk patologikodeverk 3. november 2015."/>
  <content value="not-present"/>
</CodeSystem>