<?xml version="1.0" encoding="UTF-8"?>

<Patient xmlns="http://hl7.org/fhir">
  <id value="PatientExample-2"/>
  <meta>
    <profile value="http://example.org/ig/workshop/StructureDefinition/my-patient"/>
  </meta>
  <text>
    <status value="generated"/><div xmlns="http://www.w3.org/1999/xhtml"><p style="border: 1px #661aff solid; background-color: #e6e6ff; padding: 10px;"><b>Shorty Koi-Fish </b> (no stated gender), DoB: 1970-05-25</p><hr/><table class="grid"><tr><td style="background-color: #f3f5da" title="Patient Links">Links:</td><td colspan="3"><ul><li>General Practitioner: <a href="Practitioner-DoctorShark.html">Practitioner/DoctorShark</a> &quot; SHARK&quot;</li></ul></td></tr><tr><td style="background-color: #f3f5da" title="Extension to specify the species of the fish"><a href="StructureDefinition-fish-species.html">Fish Species:</a></td><td colspan="3"><ul><li><span title="Codes: {http://snomed.info/sct 740008}">Ophichthus ophis</span></li></ul></td></tr></table></div>
  </text>
  <extension url="http://example.org/ig/workshop/StructureDefinition/fish-species">
    <valueCodeableConcept>
      <coding>
        <system value="http://snomed.info/sct"/>
        <code value="740008"/>
        <display value="Ophichthus ophis"/>
      </coding>
    </valueCodeableConcept>
  </extension>
  <name>
    <family value="Koi-Fish"/>
    <given value="Shorty"/>
  </name>
  <birthDate value="1970-05-25"/>
  <generalPractitioner>
    <reference value="Practitioner/DoctorShark"/>
  </generalPractitioner>
</Patient>