<?xml version="1.0" encoding="UTF-8"?>

<Practitioner xmlns="http://hl7.org/fhir">
  <id value="DoctorShark"/>
  <meta>
    <profile value="http://example.org/ig/workshop/StructureDefinition/fish-doctor"/>
  </meta>
  <text>
    <status value="generated"/><div xmlns="http://www.w3.org/1999/xhtml"><p><b>Generated Narrative: Practitioner</b><a name="DoctorShark"> </a></p><div style="display: inline-block; background-color: #d9e0e7; padding: 6px; margin: 4px; border: 1px solid #8da1b4; border-radius: 5px; line-height: 60%"><p style="margin-bottom: 0px">Resource Practitioner &quot;DoctorShark&quot; </p><p style="margin-bottom: 0px">Profile: <a href="StructureDefinition-fish-doctor.html">Fish Doctor</a></p></div><p><b>name</b>: Peter Fishbone Shark </p></div>
  </text>
  <name>
    <family value="Shark"/>
    <given value="Peter"/>
    <given value="Fishbone"/>
  </name>
</Practitioner>