{"resourceType":"NamingSystem","id":"no-basis-her-id","text":{"status":"generated","div":"<div xmlns=\"http://www.w3.org/1999/xhtml\"><h3>Summary</h3><table class=\"grid\"><tr><td>Defining URL</td><td>http://example.org/ig/workshop/NamingSystem/no-basis-her-id</td></tr><tr><td>Version</td><td>0.1.0</td></tr><tr><td>Name</td><td>HERId</td></tr><tr><td>Status</td><td>active</td></tr><tr><td>Definition</td><td><div><p>Identifikator for kommunikasjonsparter i Helsenettet..</p>\n</div></td></tr><tr><td>Publisher</td><td>My Organization</td></tr></table><h3>Identifiers</h3><table class=\"grid\"><tr><td><b>Type</b></td><td><b>Value</b></td><td><b>Preferred</b></td></tr><tr><td>URI</td><td>http://hl7.no/fhir/NamingSystem/HERid</td><td>false</td></tr><tr><td>OID</td><td>2.16.578.1.12.4.1.2</td><td>true</td></tr></table></div>"},"name":"HERId","status":"active","kind":"identifier","date":"2022-02-10","publisher":"My Organization","contact":[{"name":"My Organization","telecom":[{"system":"url","value":"http://example.org/"}]}],"responsible":"Norsk helsenett","description":"Identifikator for kommunikasjonsparter i Helsenettet..","jurisdiction":[{"coding":[{"system":"urn:iso:std:iso:3166","code":"NO","display":"Norway"}]}],"uniqueId":[{"type":"uri","value":"http://hl7.no/fhir/NamingSystem/HERid","preferred":false},{"type":"oid","value":"2.16.578.1.12.4.1.2","preferred":true}]}