{"resourceType":"ValueSet","id":"smarting-pain","text":{"status":"generated","div":"<div xmlns=\"http://www.w3.org/1999/xhtml\"><ul><li>Include codes from <a href=\"http://www.snomed.org/\"><code>http://snomed.info/sct</code></a> where concept  is-a  103013007 (Smarting pain)</li></ul></div>"},"url":"http://example.org/ig/workshop/ValueSet/smarting-pain","version":"0.1.0","name":"SmartingPain","title":"Smarting pain","status":"active","date":"2022-12-29T10:55:04+01:00","publisher":"My Organization","contact":[{"name":"My Organization","telecom":[{"system":"url","value":"http://example.org/"}]}],"description":"Codes describing various Smarting pain, taken from SNOMED CT","compose":{"include":[{"system":"http://snomed.info/sct","filter":[{"property":"concept","op":"is-a","value":"103013007"}]}]}}