{
  "resourceType" : "CodeSystem",
  "id" : "no-kodeverk-7010-norpat.codesystem",
  "text" : {
    "status" : "generated",
    "div" : "<div xmlns=\"http://www.w3.org/1999/xhtml\"><p>This code system <code>http://ehelse.no/fhir/CodeSystem/no-kodeverk-7010-norpat</code> defines many codes, but they are not represented here</p></div>"
  },
  "url" : "http://ehelse.no/fhir/CodeSystem/no-kodeverk-7010-norpat",
  "identifier" : [{
    "system" : "urn:ietf:rfc:3986",
    "value" : "urn:oid:2.16.578.1.12.4.1.1.7010"
  }],
  "version" : "0.1.0",
  "name" : "NoKodeverk7010NORPAT",
  "title" : "Norsk patologikodeverk (NORPAT)",
  "status" : "active",
  "date" : "2022-12-29T10:55:04+01:00",
  "publisher" : "My Organization",
  "contact" : [{
    "name" : "My Organization",
    "telecom" : [{
      "system" : "url",
      "value" : "http://example.org/"
    }]
  }],
  "description" : "Norsk patologikodeverk er et kodeverk som benyttes ved norske patologiavdelinger. Kodeverket ble utarbeidet av Den norske patologforenings kode- og nomenklaturutvalg i samarbeid med KITH på grunnlag av The Systematized Nomenclature of Medicine (SNOMED, 1984). Endret navn fra Den norske SNOMED til Norsk patologikodeverk 3. november 2015.",
  "content" : "not-present"
}