{
  "resourceType" : "Patient",
  "id" : "PatientExample",
  "meta" : {
    "profile" : ["http://example.org/ig/workshop/StructureDefinition/my-patient"]
  },
  "text" : {
    "status" : "generated",
    "div" : "<div xmlns=\"http://www.w3.org/1999/xhtml\"><p style=\"border: 1px #661aff solid; background-color: #e6e6ff; padding: 10px;\"><b>James Pond </b> (no stated gender), DoB: 1960-04-25</p><hr/><table class=\"grid\"><tr><td style=\"background-color: #f3f5da\" title=\"Patient Links\">Links:</td><td colspan=\"3\"><ul><li>General Practitioner: <a href=\"Practitioner-DoctorShark.html\">Practitioner/DoctorShark</a> &quot; SHARK&quot;</li></ul></td></tr><tr><td style=\"background-color: #f3f5da\" title=\"Extension to specify the species of the fish\"><a href=\"StructureDefinition-fish-species.html\">Fish Species:</a></td><td colspan=\"3\"><ul><li><span title=\"Codes: {http://snomed.info/sct 740008}\">Ophichthus ophis</span></li></ul></td></tr></table></div>"
  },
  "extension" : [{
    "url" : "http://example.org/ig/workshop/StructureDefinition/fish-species",
    "valueCodeableConcept" : {
      "coding" : [{
        "system" : "http://snomed.info/sct",
        "code" : "740008",
        "display" : "Ophichthus ophis"
      }]
    }
  }],
  "name" : [{
    "family" : "Pond",
    "given" : ["James"]
  }],
  "birthDate" : "1960-04-25",
  "generalPractitioner" : [{
    "reference" : "Practitioner/DoctorShark"
  }]
}