{
  "resourceType" : "ValueSet",
  "id" : "fish-species",
  "text" : {
    "status" : "generated",
    "div" : "<div xmlns=\"http://www.w3.org/1999/xhtml\"><ul><li>Include codes from <a href=\"http://www.snomed.org/\"><code>http://snomed.info/sct</code></a> where concept  is-a  90580008 (Fish)</li></ul></div>"
  },
  "url" : "http://example.org/ig/workshop/ValueSet/fish-species",
  "version" : "0.1.0",
  "name" : "FishSpecies",
  "title" : "Fish Species",
  "status" : "active",
  "date" : "2022-12-29T10:55:04+01:00",
  "publisher" : "My Organization",
  "contact" : [{
    "name" : "My Organization",
    "telecom" : [{
      "system" : "url",
      "value" : "http://example.org/"
    }]
  }],
  "description" : "Codes describing various species of fish, taken from SNOMED CT",
  "compose" : {
    "include" : [{
      "system" : "http://snomed.info/sct",
      "filter" : [{
        "property" : "concept",
        "op" : "is-a",
        "value" : "90580008"
      }]
    }]
  }
}